"Treatment","Basal_area_m2ha","SE_Basal_area_m2ha","Final_yr_pct_diff","SE_final_yr","End_yr","Time_wghtd_avg","SE_time_wghtd_avg","Year_range"
"Burn",45.8112200363997,2.06299761598256,-4.47729317568005,5.94880217906651,2016.11705202312,-1.86848028272576,4.47839946579615,"2003-2016.11705202312"
"Burn+Thin",30.9498240639778,2.06299761598256,-35.465351763638,5.1196173042944,2016.22222222222,-34.043846665985,3.81549472705732,"2003-2016.22222222222"
"Thin",38.69588909184,2.06299761598257,-19.3137387284322,5.52726914579714,2019,-18.9508872561386,3.9814159280068,"2003-2019"
