"Treatment","Basal_area_m2ha","SE_BA","Final_yr_pct_diff","SE_final_yr","Time_wghtd_avg","SE_time_wghtd_avg"
"Burn",50.1969049363216,2.58374104890501,-26.6560586071954,4.68171583972781,-23.8064896627583,2.26303988008718
"Burn+Thin",35.7148520620866,2.58374104890501,-47.8161448436442,4.25827489560897,-38.6581382619335,2.11545047000615
"Thin",45.3059673079243,2.58374104890501,-33.8023287453264,4.52739013266794,-24.6727674619668,2.25523747514946
