"Treatment","Fnl","SE_Fnl","Fnl_lower.CL","Fnl_upper.CL","Fnl_pct_diff","SE_Fnl_pct_diff","Avg","SE_Avg","Avg_pct_diff","SE_Avg_pct_diff","Start_yr","End_yr","Year_range"
"Burn",49.2461938118103,4.56531417238382,39.7231153229328,58.7692723006877,-6.57728566795556,11.8520617013118,58.4257216512895,3.37957172010079,-1.27802612878818,8.03960101971304,2014,2018,"2014-2018"
"Burn+Thin",38.3623827225955,3.22816460953965,31.6285493453386,45.0962160998525,-27.224468638425,8.7880113758915,39.279257663465,2.38971808078955,-33.4390069817247,5.56511230691943,2014,2018,"2014-2018"
"None",52.7132980067125,4.56531417238382,43.190219517835,62.2363764955899,0,NA,60.6369897272578,2.73877298061018,0,NA,2012,2018,"2012-2018"
"Thin",38.5647378834506,3.22816460953965,31.8309045061936,45.2985712607076,-26.8405898668305,8.8118864210221,37.6380332732322,1.93660494671995,-37.6974967601618,4.28883166737632,2012,2018,"2012-2018"
