"Treatment","Fnl","SE_Fnl","Fnl_lower.CL","Fnl_upper.CL","Fnl_pct_diff","SE_Fnl_pct_diff","Avg","SE_Avg","Avg_pct_diff","SE_Avg_pct_diff","Start_yr","End_yr","Year_range"
"Burn",49.2461938118103,4.56486701293668,39.7240480811946,58.7683395424259,-6.59781235028843,11.8470838147659,58.4425539808113,3.37763379973503,-1.25442583980243,8.03559435244982,2014,2018,"2014-2018"
"Burn+Thin",38.3697129520559,3.22784842006231,31.636539134491,45.1028867696207,-27.2265559667676,8.78509030524232,39.2645504238118,2.38834776415753,-33.4660643278548,5.56073773726006,2014,2018,"2014-2018"
"None",52.7248826296226,4.56486701293669,43.202736899007,62.2470283602382,0,NA,60.6357255452834,2.7375153470045,0,NA,2012,2018,"2012-2018"
"Thin",38.581284968298,3.22784842006231,31.8481111507332,45.3144587858629,-26.825280504993,8.81004048935547,37.621443103094,1.93571566546912,-37.7229157058296,4.28618972914326,2012,2018,"2012-2018"
