"Treatment","Basal_area_m2ha","SE_Basal_area_m2ha","Final_yr_pct_diff","SE_final_yr","End_yr","Time_wghtd_avg","SE_time_wghtd_avg","Year_range"
"Burn",54.3347620598159,4.66775065195617,-3.43153376684003,11.5326796863041,2018,-1.27802612878818,8.03960101971304,"2014-2018"
"Burn+Thin",38.8600021700125,3.30059813888614,-30.9346233403181,8.19998537447259,2018,-33.4390069817247,5.56511230691943,"2014-2018"
"Thin",38.4325699624126,3.30059813888614,-31.6942930460792,8.15607452240112,2018,-37.6974967601618,4.28883166737632,"2012-2018"
