"Treatment","Basal_area_m2ha","SE_Basal_area_m2ha","Final_yr_pct_diff","SE_final_yr","End_yr","Time_wghtd_avg","SE_time_wghtd_avg","Year_range"
"Burn",50.3867171147576,1.66172015471035,-24.6091023096243,3.11376772426149,2020,-21.5669048403106,2.51142164480051,"2003-2020"
"Burn+Thin",38.7393392291365,1.66172015471035,-42.0364388145227,2.87382488588313,2020,-35.6157150299503,2.35667766128826,"2003-2020"
"Thin",49.2709604052324,1.66172015471035,-26.278548242043,3.08895783175205,2020,-23.2835342500896,2.47837205158944,"2003-2020"
