"Treatment","Fnl","SE_Fnl","Fnl_lower.CL","Fnl_upper.CL","Fnl_pct_diff","SE_Fnl_pct_diff","Avg","SE_Avg","Avg_pct_diff","SE_Avg_pct_diff","Start_yr","End_yr","Year_range"
"Burn",50.068555598506,2.57563954929754,44.1291201470305,56.0079910499815,-25.7345837896123,4.75869048950216,48.8815659781241,1.19798391821957,-21.5669048403106,2.51142164480051,2003,2020,"2003-2020"
"Burn+Thin",35.6996039203545,2.57563954929754,29.760168468879,41.63903937183,-47.0476846795591,4.32293382387198,40.0661774277989,1.19798391821957,-35.6157150299503,2.35667766128826,2003,2020,"2003-2020"
"None",67.4184003179434,2.57563954929754,61.4789648664679,73.3578357694189,0,NA,62.4341690320506,1.19798391821957,0,NA,2003,2020,"2003-2020"
"Thin",45.1452583422478,2.57563954929754,39.2058228907723,51.0846937937234,-33.0371855022605,4.59781166123677,47.8904302729148,1.19798391821957,-23.2835342500896,2.47837205158944,2003,2020,"2003-2020"
