"Treatment","Fnl","SE_Fnl","Fnl_lower.CL","Fnl_upper.CL","Fnl_pct_diff","SE_Fnl_pct_diff","Avg","SE_Avg","Avg_pct_diff","SE_Avg_pct_diff","Start_yr","End_yr","Year_range"
"Burn",50.8523105335956,2.51446905522789,45.0539344943971,56.650686572794,-24.627282796609,4.66699459768621,48.957856016929,1.2417439228555,-22.1665845792967,2.56317325564916,2003,2020,"2003-2020"
"Burn+Thin",35.6996039203545,2.51446905522789,29.9012278811561,41.4979799595529,-47.0864524674,4.21650002180328,40.3246829274304,1.2417439228555,-35.7946307250631,2.41051189409001,2003,2020,"2003-2020"
"None",67.4677952718252,2.51446905522789,61.6694192326267,73.2661713110236,0,NA,63.0278502388405,1.2417439228555,0,NA,2003,2020,"2003-2020"
"Thin",45.2254633741326,2.51446905522789,39.4270873349342,51.023839413331,-32.9673317589215,4.48677814308996,47.932792841909,1.2417439228555,-23.925890284283,2.53338842534409,2003,2020,"2003-2020"
