"Treatment","Basal_area_m2ha","SE_Basal_area_m2ha","Final_yr_pct_diff","SE_final_yr","Time_wghtd_avg","SE_time_wghtd_avg"
"Burn",50.3867171147576,1.66172015471035,-24.6091023096243,3.11376772426149,-21.5669048403106,2.51142164480051
"Burn+Thin",38.7393392291365,1.66172015471035,-42.0364388145227,2.87382488588313,-35.6157150299503,2.35667766128826
"Thin",49.2709604052324,1.66172015471035,-26.278548242043,3.08895783175205,-23.2835342500896,2.47837205158944
