"Treatment","Fnl","SE_Fnl","Fnl_lower.CL","Fnl_upper.CL","Fnl_pct_diff","SE_Fnl_pct_diff","Avg","SE_Avg","Avg_lower.CL","Avg_upper.CL","Avg_pct_diff","SE_Avg_pct_diff","Start_yr","End_yr","Year_range"
"Burn",34.9343758647699,2.54159057252462,29.0734574945322,40.7952942350076,-17.0552278311165,7.840174381665,47.2330717039016,2.0495099607199,42.5068932593394,51.9592501484638,-6.16666829307963,5.58334054162459,2003,2019,"2003-2019"
"Burn+Thin",22.7876714162001,2.54159057252462,16.9267530459624,28.6485897864378,-45.8951772548422,6.86113665760726,31.9810497136498,2.0495099607199,27.2548712690876,36.707228158212,-36.4663711704244,4.82381602112633,2003,2019,"2003-2019"
"None",42.1176343623443,2.54159057252462,36.2567159921066,47.978552732582,0,NA,50.3371998464572,2.0495099607199,45.611021401895,55.0633782910194,0,NA,2002,2019,"2002-2019"
"Thin",32.6278260743996,2.54159057252462,26.7669077041619,38.4887444446373,-22.5316745150082,7.63343157976398,40.6401793881185,2.0495099607199,35.9140009435563,45.3663578326807,-19.2641237254304,5.23291179857551,2003,2019,"2003-2019"
