"DBH_timeframe","PrePost","SE_PrePost","PrePost_lower.CL","PrePost_upper.CL","PrePost_pct_diff","SE_PrePost_pct_diff","Treatment","PFT"
"Pre",0.324519065407684,0.0499466993285948,0.17160660902158,0.477431521793787,0,NA,"Burn","cedar"
"Post",0.34571621860763,0.0499466993285948,0.192803762221527,0.498628674993734,6.53186683294471,22.4882540481478,"Burn","cedar"
"Pre",0.517509300101949,0.047691170737207,0.376629835822646,0.658388764381252,0,NA,"Burn","fir"
"Post",0.495838681047749,0.047691170737207,0.354959216768446,0.636718145327053,-4.18748398336618,12.7627587232798,"Burn","fir"
"Pre",0.146385038681683,0.0172181877555304,0.097224352107951,0.195545725255415,0,NA,"Burn","pine"
"Post",0.142054835244403,0.0172181877555304,0.0928941486706716,0.191215521818135,-2.95809153467898,16.3901636148595,"Burn","pine"
"Pre",0.0115865958086877,0.0141931320407595,-0.0321934144980678,0.0553666061154431,0,NA,"Burn","oak"
"Post",0.0163902651002197,0.0141931320407595,-0.0273897452065357,0.0601702754069751,41.4588492672738,212.207030820311,"Burn","oak"
