"DBH_timeframe","PrePost","SE_PrePost","PrePost_lower.CL","PrePost_upper.CL","PrePost_pct_diff","SE_PrePost_pct_diff","Treatment"
"Pre",575.694444444444,35.3765749970516,484.285547051532,667.103341837357,0,NA,"Burn"
"Post",448.4375,35.3765749970516,357.028602607087,539.846397392913,-22.1049457177322,7.78932428981378,"Burn"
"Pre",541.319444444444,30.5937205353386,474.513271041205,608.125617847684,0,NA,"Thin"
"Post",155.092592592593,30.5937205353386,88.2864191893529,221.898765995832,-71.3491554415224,5.87908549023186,"Thin"
"Pre",497.222222222222,29.6437295533339,433.367306215724,561.077138228721,0,NA,"Burn+Thin"
"Post",132.378472222222,29.6437295533339,68.5235562157234,196.233388228721,-73.3763966480447,6.16954371301544,"Burn+Thin"
"Pre",580.555555555551,36.6541992868821,465.809855637732,695.301255473371,0,NA,"None"
"Post",553.935185185181,36.6541992868821,439.189485267362,668.680885103001,-4.58532695374801,8.72653127659101,"None"
