"DBH_timeframe","PrePost","SE_PrePost","PrePost_lower.CL","PrePost_upper.CL","PrePost_pct_diff","SE_PrePost_pct_diff","Treatment"
"Pre",47.589379387822,2.36213704177518,38.6349309187012,56.5438278569428,0,NA,"Burn"
"Post",48.881565978124,2.36213704177518,39.9271175090032,57.8360144472448,2.71528355049884,7.11550126268814,"Burn"
"Pre",51.1491973568144,1.2071368646352,47.7976481176942,54.5007465959347,0,NA,"Thin"
"Post",47.8904302729148,1.2071368646352,44.5388810337946,51.241979512035,-6.3711011165368,3.23301586249737,"Thin"
"Pre",54.3638817602838,1.43395806718486,49.4278430904592,59.2999204301084,0,NA,"Burn+Thin"
"Post",40.0661774277989,1.43395806718486,35.1301387579743,45.0022160976235,-26.300006308472,3.27667014740333,"Burn+Thin"
