"DBH_timeframe","PrePost","SE_PrePost","PrePost_lower.CL","PrePost_upper.CL","PrePost_pct_diff","SE_PrePost_pct_diff","Treatment"
"Pre",66.9623860951047,6.75503729108213,46.7653017992117,87.1594703909977,0,NA,"Burn"
"Post",58.4257216512896,6.75503729108213,38.2286373553966,78.6228059471826,-12.7484472128737,13.3878687055399,"Burn"
