"DBH_timeframe","PrePost","SE_PrePost","PrePost_lower.CL","PrePost_upper.CL","PrePost_pct_diff","SE_PrePost_pct_diff","Treatment"
"Pre",248.25,21.061423160542,176.023508145162,320.476491854838,0,NA,"Burn"
"Post",207.096648549944,21.061423160542,134.870156695106,279.323140404782,-16.5773822558131,11.0484878539481,"Burn"
"Pre",264.916666666667,15.4298296877763,218.047981044874,311.785352288459,0,NA,"Thin"
"Post",134.5625,15.4298296877763,87.6938143782073,181.431185621793,-49.205725070777,6.53270697864424,"Thin"
"Pre",281.166666666667,22.4969269363469,212.978147456044,349.355185877289,0,NA,"Burn+Thin"
"Post",90.8143871498336,22.4969269363469,22.6258679392111,159.002906360456,-67.7008700119145,8.40828645782972,"Burn+Thin"
