"DBH_timeframe","PrePost","SE_PrePost","PrePost_lower.CL","PrePost_upper.CL","PrePost_pct_diff","SE_PrePost_pct_diff","Treatment"
"Pre",567.361111111111,35.3373607123396,479.310238604664,655.411983617558,0,NA,"Burn"
"Post",448.090277777778,35.3373607123396,360.039405271331,536.141150284225,-21.0220318237454,7.93659807753536,"Burn"
