"DBH_timeframe","PrePost","SE_PrePost","PrePost_lower.CL","PrePost_upper.CL","PrePost_pct_diff","SE_PrePost_pct_diff","Treatment"
"Pre",382.65350877193,28.1887683528528,285.72107085545,479.58594668841,0,NA,"Burn"
"Post",269.115712074304,28.1887683528528,172.183274157824,366.048149990783,-29.671176167183,9.00606286252167,"Burn"
"Pre",384.702380952381,32.4346700747166,294.649299984729,474.755461920033,0,NA,"Thin"
"Post",206.144340088977,32.4346700747166,116.091259121324,296.197421056629,-46.414592085799,9.56527444966568,"Thin"
"Pre",388.483796296296,22.5917641032307,320.634991130354,456.332601462238,0,NA,"Burn+Thin"
"Post",141.081495098039,22.5917641032307,73.2326899320972,208.930300263981,-63.6840721690136,6.18697445529114,"Burn+Thin"
"Pre",445.484749455338,33.19162198829,312.079437599501,578.890061311175,0,NA,"None"
"Post",435.593041138024,33.19162198829,302.187729282187,568.998352993861,-2.22043702492799,10.4205206260435,"None"
