"DBH_timeframe","PrePost","SE_PrePost","PrePost_lower.CL","PrePost_upper.CL","PrePost_pct_diff","SE_PrePost_pct_diff","Treatment"
"Pre",55.467917763458,1.90396479843027,49.1898221307283,61.7460133961878,0,NA,"Burn"
"Post",47.2330717039016,1.90396479843027,40.9549760711718,53.5111673366313,-14.8461424037473,4.50844159787508,"Burn"
"Pre",63.0573175843618,1.69163800504202,58.2875427687965,67.827092399927,0,NA,"Thin"
"Post",40.6401793881185,1.69163800504202,35.8704045725532,45.4099542036838,-35.5504151699005,3.19159433837373,"Thin"
"Pre",64.5771225656801,2.96789233581853,56.3369324171427,72.8173127142175,0,NA,"Burn+Thin"
"Post",31.9810497136498,2.96789233581853,23.7408595651124,40.2212398621872,-50.4761927397392,5.12860914050974,"Burn+Thin"
