"DBH_timeframe","PrePost","SE_PrePost","PrePost_lower.CL","PrePost_upper.CL","PrePost_pct_diff","SE_PrePost_pct_diff","Treatment"
"Pre",65.0874426932872,6.91456930510809,43.8125700190552,86.3623153675191,0,NA,"Burn"
"Post",58.4425539808106,6.91456930510809,37.1676813065787,79.7174266550425,-10.2091715967232,14.2776117388965,"Burn"
"Pre",66.3276296856392,2.75772038183033,59.9921243931173,72.6631349781611,0,NA,"Thin"
"Post",37.621443103094,2.75772038183033,31.2859378105721,43.956948395616,-43.2793795264486,4.7799786331472,"Thin"
"Pre",67.3312927257215,3.64519474663834,58.868355088604,75.794230362839,0,NA,"Burn+Thin"
"Post",39.2645504238116,3.64519474663834,30.8016127866941,47.7274880609291,-41.6845439404255,6.26711122583863,"Burn+Thin"
"Pre",60.8725388504165,4.82960524160296,45.5465514281796,76.1985262726535,0,NA,"None"
"Post",60.6357255452835,4.82960524160296,45.3097381230465,75.9617129675204,-0.389031424687193,11.1985152981576,"None"
