"DBH_timeframe","PrePost","SE_PrePost","PrePost_lower.CL","PrePost_upper.CL","PrePost_pct_diff","SE_PrePost_pct_diff","Treatment"
"Pre",47.5025116052145,2.36306496818276,38.533732622271,56.471290588158,0,NA,"Burn"
"Post",48.9578560169291,2.36306496818276,39.9890770339856,57.9266349998726,3.06372097502912,7.1437435474799,"Burn"
"Pre",50.956388446548,1.29300381757117,47.3664343262504,54.5463425668455,0,NA,"Thin"
"Post",47.932792841909,1.29300381757117,44.3428387216115,51.5227469622065,-5.93369290253107,3.48368774168927,"Thin"
"Pre",54.4732663987033,1.50567990775356,49.1236046281588,59.8229281692478,0,NA,"Burn+Thin"
"Post",40.3246829274304,1.50567990775356,34.9750211568859,45.6743446979749,-25.9734442354088,3.43901244128009,"Burn+Thin"
"Pre",53.3872135101104,2.57009799698095,43.2664122323034,63.5080147879174,0,NA,"None"
"Post",63.0278502388405,2.57009799698095,52.9070489610335,73.1486515166475,18.0579507617574,7.44823645299504,"None"
