"DBH_timeframe","PrePost","SE_PrePost","PrePost_lower.CL","PrePost_upper.CL","PrePost_pct_diff","SE_PrePost_pct_diff","Treatment"
"Pre",382.65350877193,28.1035833411878,286.580723800388,478.726293743472,0,NA,"Burn"
"Post",268.515221878225,28.1035833411878,172.442436906683,364.588006849767,-29.8281040882168,8.97222178032335,"Burn"
"Pre",384.702380952381,32.4389726425439,294.637354141345,474.767407763417,0,NA,"Thin"
"Post",204.693833415719,32.4389726425439,114.628806604683,294.758860226755,-46.7916385365297,9.55156785359349,"Thin"
"Pre",388.483796296296,22.4958032481592,320.649608608092,456.3179839845,0,NA,"Burn+Thin"
"Post",140.018041938998,22.4958032481592,72.1838542507938,207.852229627202,-63.9578167033237,6.15530176674003,"Burn+Thin"
