"DBH_timeframe","PrePost","SE_PrePost","PrePost_lower.CL","PrePost_upper.CL","PrePost_pct_diff","SE_PrePost_pct_diff","Treatment"
"Pre",567.361111111111,35.3373607123396,479.310238604664,655.411983617558,0,NA,"Burn"
"Post",448.090277777778,35.3373607123396,360.039405271331,536.141150284225,-21.0220318237454,7.93659807753536,"Burn"
"Pre",657.7,48.3551962047514,NA,NA,0,NA,"Thin"
"Post",155.092592592593,11.4951009425325,NA,NA,-76.4189459339224,2.46180591057743,"Thin"
