"Treatment","Fnl","SE_Fnl","Fnl_lower.CL","Fnl_upper.CL","Fnl_pct_diff","SE_Fnl_pct_diff","Avg","SE_Avg","Avg_lower.CL","Avg_upper.CL","Avg_pct_diff","SE_Avg_pct_diff","Start_yr","End_yr","Year_range"
"Burn",158.166666666667,11.9651548487914,130.574970106996,185.758363226338,-7.81932977173384,9.48412153972878,207.096648549944,10.7707895597978,182.259163285636,231.934133814252,-0.0851449372849482,7.34572457554052,2003,2019,"2003-2019"
"Burn+Thin",62.0000000000001,11.9651548487914,34.408303440329,89.5916965596712,-63.8659543467702,7.4146620446623,90.8143871498337,10.7707895597978,65.9769018855261,115.651872414141,-56.1861266552718,5.67330829671693,2003,2019,"2003-2019"
"None",171.583333333333,11.9651548487914,143.991636773662,199.175029893004,0,NA,207.273131127451,10.7707895597978,182.435645863143,232.110616391759,0,NA,2002,2019,"2002-2019"
"Thin",136,11.9651548487914,108.408303440329,163.591696559671,-20.7382224380767,8.89821355594553,134.5625,10.7707895597978,109.725014735692,159.399985264308,-35.079622106322,6.19544779123904,2003,2019,"2003-2019"
