"Treatment","Stems_per_ha","SE_Stems_per_ha","Final_yr_pct_diff","SE_final_yr","End_yr","Time_wghtd_avg","SE_time_wghtd_avg","Year_range"
"Burn",205.583333333333,10.9067623645965,4.9117584520519,8.06693812684165,2016.11705202312,3.48957391640504,5.58400906904003,"2003-2016.11705202312"
"Burn+Thin",92.8333333333334,10.9067623645965,-52.6259834148416,6.15884181138784,2016.22222222222,-54.392026059908,4.2587732732714,"2003-2016.22222222222"
"Thin",139.541666666667,10.9067623645965,-28.7901339570487,6.83283472180362,2019,-34.4566765280045,4.5976585685713,"2003-2019"
