"Treatment","Fnl","SE_Fnl","Fnl_lower.CL","Fnl_upper.CL","Fnl_pct_diff","SE_Fnl_pct_diff","Avg","SE_Avg","Avg_pct_diff","SE_Avg_pct_diff","Start_yr","End_yr","Year_range"
"Burn",213.90350877193,18.5590762265423,171.106202247954,256.700815295906,-47.164778643321,5.18470134573046,269.115712074303,11.2207323967119,-38.3469847070559,3.03623227191712,2003,2020,"2003-2020"
"Burn+Thin",100,18.5590762265423,57.2026934760241,142.797306523976,-75.2995069318786,4.72195681201568,141.081495098039,11.2207323967119,-67.6774465965894,2.69739512901499,2003,2020,"2003-2020"
"None",404.850217864924,18.5590762265423,362.052911340948,447.6475243889,0,NA,435.593041138024,11.2207323967119,0,NA,2003,2020,"2003-2020"
"Thin",164.21568627451,18.5590762265423,121.418379750534,207.012992798486,-59.4379157949967,4.9469440177158,206.144340088977,11.2207323967119,-52.7085027854722,2.83497683310165,2003,2020,"2003-2020"
