"Treatment","Stems_per_ha","SE_Stems_per_ha","Final_yr_pct_diff","SE_final_yr","End_yr","Time_wghtd_avg","SE_time_wghtd_avg","Year_range"
"Burn",406.25,22.164366961604,-19.917864476386,5.59749291072497,2018,-17.0191878681382,3.93985681621128,"2014-2018"
"Burn+Thin",127.256944444445,15.6725741792572,-74.9144421629021,3.27811534123436,2018,-75.4060950924066,2.27076283187087,"2014-2018"
"Thin",152.256944444445,15.6725741792572,-69.9863107460643,3.35624645243822,2018,-71.922949001114,1.81058933990611,"2012-2018"
