"Treatment","Stems_per_ha","SE_Stems_per_ha","Final_yr_pct_diff","SE_final_yr","Time_wghtd_avg","SE_time_wghtd_avg"
"Burn",225.46052631579,17.6308347489464,-45.4471678786779,4.8594852823896,-37.9128041369053,3.16242689249946
"Burn+Thin",116.244212962963,17.6308347489464,-71.8733423607748,4.4315198343628,-67.6187623589394,2.80830841697007
"Thin",186.327030812325,17.6308347489464,-54.9159784301571,4.67949341854721,-52.5816336651604,2.95288190498742
