"Treatment","Fnl","SE_Fnl","Fnl_lower.CL","Fnl_upper.CL","Fnl_pct_diff","SE_Fnl_pct_diff","Avg","SE_Avg","Avg_pct_diff","SE_Avg_pct_diff","Start_yr","End_yr","Year_range"
"Burn",213.486842105263,18.5711962096538,170.661586850114,256.312097360413,-47.2676973644381,5.18588341638363,268.515221878225,11.5731230201722,-37.9128041369053,3.16242689249946,2003,2020,"2003-2020"
"Burn+Thin",100,18.5711962096538,57.1747447448504,142.82525525515,-75.2995069318786,4.72504048041148,140.018041938998,11.5731230201722,-67.6187623589394,2.80830841697007,2003,2020,"2003-2020"
"None",404.850217864924,18.5711962096539,362.024962609774,447.675473120074,0,NA,431.436626938357,11.5731230201722,0,NA,2003,2020,"2003-2020"
"Thin",164.21568627451,18.5711962096538,121.39043101936,207.040941529659,-59.4379157949967,4.95017461374422,204.693833415719,11.5731230201722,-52.5816336651604,2.95288190498742,2003,2020,"2003-2020"
