"Treatment","Fnl","SE_Fnl","Fnl_lower.CL","Fnl_upper.CL","Fnl_pct_diff","SE_Fnl_pct_diff","Avg","SE_Avg","Avg_pct_diff","SE_Avg_pct_diff","Start_yr","End_yr","Year_range"
"Burn",363.888888888889,20.3221427729144,321.497641894471,406.280135883307,-20.6060606060606,5.66144268410175,448.4375,16.3569862219141,-16.9545325969631,3.94640764626655,2014,2018,"2014-2018"
"Burn+Thin",122.222222222222,14.3699249629689,92.2470840095158,152.197360434929,-73.3333333333333,3.35079886373407,132.378472222222,11.5661358772904,-75.4060950924066,2.27383632097304,2014,2018,"2014-2018"
"None",458.333333333334,20.3221427729144,415.942086338916,500.724580327751,0,NA,553.935185185185,13.1245355999231,0,NA,2012,2018,"2012-2018"
"Thin",148.263888888889,14.3699249629689,118.288750676182,178.239027101595,-67.6515151515151,3.44776273168568,155.092592592593,9.28044812262987,-71.9176442692932,1.81213792089721,2012,2018,"2012-2018"
